,id,description,base,quote,asset_class,asset_subclass,country,eod_ticker,live_price,base_price,symbol
0,3DES,WT DAX 3X DAILY SHORT,3DES,EUR,Stock,ETF,GERMANY,3DES.XETRA,0.1882,0.1882,3DES/EUR
1,AAPL,APPLE INC,AAPL,USD,Stock,Common Stock,USA,AAPL.US,259.96,223.357632,AAPL/USD
2,AAVE,21SHARES AAVE ETP,AAVE,USD,Cryptocurrency,ETP,GLOBAL,,20.874,17.9349408,AAVE/USD
3,AETH,21SHARES ETHEREUM STAKING ETP,AETH,USD,Cryptocurrency,ETP,GLOBAL,AETH-USD.SW,37.0,31.7904,AETH/USD
4,AINJ,21SHARS INJETIVE STKING ETP,AINJ,EUR,Cryptocurrency,ETP,GLOBAL,AINJ.PA,10.13,10.13,AINJ/EUR
5,APA,APA CORPORATION,APA,USD,Stock,Common Stock,USA,APA.US,26.69,22.932048,APA/USD
6,APTV,APTIV PLC,APTV,USD,Stock,Common Stock,USA,APTV.US,82.93,71.253456,APTV/USD
7,ASOL,21SHARES SOLANA STAKING ETP,ASOL,USD,Cryptocurrency,ETP,GLOBAL,ASOL-USD.SW,96.1,82.56912,ASOL/USD
8,ASUI,21SHARES SUI STAKING ETP,ASUI,USD,Cryptocurrency,ETP,GLOBAL,ASUI.AS,51.9932,44.67255744,ASUI/USD
9,BIL,SPDR BLOOMBERG 1-3 MONTH T-B,BIL,USD,Bond,Fixed Income,USA,BIL.US,91.5,78.6168,BIL/USD
10,BILI,BILIBILI INC,BILI,USD,Stock,Common Stock,USA,BILI.US,33.34,28.645728,BILI/USD
11,BTC,BITCOIN,BTC,USD,Cryptocurrency,Common Stock,GLOBAL,BTC-USD.CC,96710.4921875,83093.6548875,BTC/USD
12,CANG,CANGO INC,CANG,USD,Stock,Common Stock,USA,CANG.US,1.52,1.305984,CANG/USD
13,CDNA,CAREDX INC,CDNA,USD,Stock,Common Stock,USA,CDNA.US,20.32,17.458944,CDNA/USD
14,CHF,SWISS FRANC,CHF,USD,Cash & Equivalent,Forex,,CHFUSD.FOREX,1.2489,1.07305488,CHF/USD
15,CIFR,CIPHER MINING INC,CIFR,USD,Stock,Common Stock,USA,CIFR.US,18.13,15.577296,CIFR/USD
16,CLSK,CLEANSPARK INC,CLSK,USD,Stock,Common Stock,USA,CLSK.US,13.34,11.461728,CLSK/USD
17,DAX 19DEC25 23800 P,DAX 19DEC25 23800 P,DAX 19DEC25 23800 P,EUR,Option,Option,GERMANY,,,0.0,DAX 19DEC25 23800 P/EUR
18,DAX 20MAR26 24400 P,DAX 20MAR26 24400 P,DAX 20MAR26 24400 P,EUR,Option,Option,GERMANY,,,0.0,DAX 20MAR26 24400 P/EUR
19,EUR,EURO,EUR,USD,Cash & Equivalent,Forex,GLOBAL,EURUSD.FOREX,1.1639,1.0,EUR/USD
20,FTMIB 20MAR26 45000 P,FTMIB 20MAR26 45000 P,FTMIB 20MAR26 45000 P,EUR,Option,Option,ITALY,,,0.0,FTMIB 20MAR26 45000 P/EUR
21,GC DEC25 3630 P,GC DEC25 3630 P,GC DEC25 3630 P,USD,Option,Option,GLOBAL,,0.8,0.68736,GC DEC25 3630 P/USD
22,GC FEB26 3650 P,GC FEB26 3650 P,GC FEB26 3650 P,USD,Option,Option,GLOBAL,,1.4,1.20288,GC FEB26 3650 P/USD
23,GEN,GEN DIGITAL INC,GEN,USD,Stock,Common Stock,USA,GEN.US,26.24,22.545408,GEN/USD
24,JPM 17APR26 300 P,JPM 17APR26 300 P,JPM 17APR26 300 P,USD,Option,Option,USA,,10.75,9.2364,JPM 17APR26 300 P/USD
25,JPM 20MAR26 315 P,JPM 20MAR26 315 P,JPM 20MAR26 315 P,USD,Option,Option,USA,,26.18,22.493856,JPM 20MAR26 315 P/USD
26,MARA,MARA HOLDINGS INC,MARA,USD,Stock,Common Stock,USA,MARA.US,11.11,9.545712,MARA/USD
27,META,META,META,USD,Stock,Common Stock,,META.US,615.52,528.854784,META/USD
28,META 19DEC25 740 P,META 19DEC25 740 P,META 19DEC25 740 P,USD,Option,Option,USA,,35.25,30.2868,META 19DEC25 740 P/USD
29,META 20FEB26 740 P,META 20FEB26 740 P,META 20FEB26 740 P,USD,Option,Option,USA,,52.75,45.3228,META 20FEB26 740 P/USD
30,NG OCT25 3.15 C,NG OCT25 3.15 C,NG OCT25 3.15 C,USD,Option,Option,,,0.0014,0.00120288,NG OCT25 3.15 C/USD
31,PNR,PENTAIR PLC,PNR,USD,Stock,Common Stock,USA,PNR.US,104.08,89.425536,PNR/USD
32,RIOT,RIOT PLATFORMS INC,RIOT,USD,Stock,Common Stock,USA,CDNA.US,20.32,17.458944,RIOT/USD
33,RUTW 30APR26 2360 P,RUTW 30APR26 2360 P,RUTW 30APR26 2360 P,USD,Option,Option,USA,,32.5,27.924,RUTW 30APR26 2360 P/USD
34,RUTW 30SEP25 2270 C,RUTW 30SEP25 2270 C,RUTW 30SEP25 2270 C,USD,Option,Option,USA,,55.85,47.98632,RUTW 30SEP25 2270 C/USD
35,RUTW 30SEP25 2270 P,RUTW 30SEP25 2270 P,RUTW 30SEP25 2270 P,USD,Option,Option,USA,,93.39,80.240688,RUTW 30SEP25 2270 P/USD
36,SHV,ISHARES SHORT TREASURY BOND,SHV,USD,Bond,Fixed Income,USA,SHV.US,110.27,94.743984,SHV/USD
37,SI MAR26 48 P,SI MAR26 48 P,SI MAR26 48 P,USD,Option,Option,GLOBAL,,,0.0,SI MAR26 48 P/USD
38,SI MAR26 51.75 C,SI MAR26 51.75 C,SI MAR26 51.75 C,USD,Option,Option,GLOBAL,,,0.0,SI MAR26 51.75 C/USD
39,SPX 16JAN26 6630 P,SPX 16JAN26 6630 P,SPX 16JAN26 6630 P,USD,Option,Option,USA,,,0.0,SPX 16JAN26 6630 P/USD
40,SPX 17APR26 6640 P,SPX 17APR26 6640 P,SPX 17APR26 6640 P,USD,Option,Option,USA,,,0.0,SPX 17APR26 6640 P/USD
41,SPX 17APR26 6675 P,SPX 17APR26 6675 P,SPX 17APR26 6675 P,USD,Option,Option,USA,,,0.0,SPX 17APR26 6675 P/USD
42,SPX 17APR26 6740 P,SPX 17APR26 6740 P,SPX 17APR26 6740 P,USD,Option,Option,USA,,364.3,313.00656,SPX 17APR26 6740 P/USD
43,SPX 17APR26 6750 C,SPX 17APR26 6750 C,SPX 17APR26 6750 C,USD,Option,Option,USA,,,0.0,SPX 17APR26 6750 C/USD
44,SPX 17APR26 6750 P,SPX 17APR26 6750 P,SPX 17APR26 6750 P,USD,Option,Option,USA,,,0.0,SPX 17APR26 6750 P/USD
45,SPX 17APR26 6830 P,SPX 17APR26 6830 P,SPX 17APR26 6830 P,USD,Option,Option,USA,,,0.0,SPX 17APR26 6830 P/USD
46,SPX 17APR26 6890 P,SPX 17APR26 6890 P,SPX 17APR26 6890 P,USD,Option,Option,USA,,346.9,298.05648,SPX 17APR26 6890 P/USD
47,SPX 18JUN26 6910 C,SPX 18JUN26 6910 C,SPX 18JUN26 6910 C,USD,Option,Option,USA,,242.5,208.356,SPX 18JUN26 6910 C/USD
48,SPX 18JUN26 7100 P,SPX 18JUN26 7100 P,SPX 18JUN26 7100 P,USD,Option,Option,USA,,411.8,353.81856,SPX 18JUN26 7100 P/USD
49,SPX 19DEC25 6150 P,SPX 19DEC25 6150 P,SPX 19DEC25 6150 P,USD,Option,Option,USA,,32.8,28.18176,SPX 19DEC25 6150 P/USD
50,SPX 19DEC25 6455 C,SPX 19DEC25 6455 C,SPX 19DEC25 6455 C,USD,Option,Option,USA,,,0.0,SPX 19DEC25 6455 C/USD
51,SPX 19DEC25 6455 P,SPX 19DEC25 6455 P,SPX 19DEC25 6455 P,USD,Option,Option,USA,,,0.0,SPX 19DEC25 6455 P/USD
52,SPX 19DEC25 6485 C,SPX 19DEC25 6485 C,SPX 19DEC25 6485 C,USD,Option,Option,USA,,,0.0,SPX 19DEC25 6485 C/USD
53,SPX 19DEC25 6485 P,SPX 19DEC25 6485 P,SPX 19DEC25 6485 P,USD,Option,Option,USA,,,0.0,SPX 19DEC25 6485 P/USD
54,SPX 19DEC25 6605 C,SPX 19DEC25 6605 C,SPX 19DEC25 6605 C,USD,Option,Option,USA,,281.1,241.52112,SPX 19DEC25 6605 C/USD
55,SPX 19DEC25 6605 P,SPX 19DEC25 6605 P,SPX 19DEC25 6605 P,USD,Option,Option,USA,,142.2,122.17824,SPX 19DEC25 6605 P/USD
56,SPX 19DIC25 6440 C,SPX 19DIC25 6440 C,SPX 19DIC25 6440 C,USD,Option,Option,USA,,196.58,168.901536,SPX 19DIC25 6440 C/USD
57,SPX 19DIC25 6440 P,SPX 19DIC25 6440 P,SPX 19DIC25 6440 P,USD,Option,Option,USA,,159.41,136.965072,SPX 19DIC25 6440 P/USD
58,SPX 20FEB26 6300 P,SPX 20FEB26 6300 P,SPX 20FEB26 6300 P,USD,Option,Option,USA,,,0.0,SPX 20FEB26 6300 P/USD
59,SPX 20FEB26 6640 P,SPX 20FEB26 6640 P,SPX 20FEB26 6640 P,USD,Option,Option,USA,,173.2,148.81344,SPX 20FEB26 6640 P/USD
60,SPX 20FEB26 6700 C,SPX 20FEB26 6700 C,SPX 20FEB26 6700 C,USD,Option,Option,USA,,,0.0,SPX 20FEB26 6700 C/USD
61,SPX 20FEB26 6720 P,SPX 20FEB26 6720 P,SPX 20FEB26 6720 P,USD,Option,Option,USA,,,0.0,SPX 20FEB26 6720 P/USD
62,SPX 20MAR26 6575 P,SPX 20MAR26 6575 P,SPX 20MAR26 6575 P,USD,Option,Option,USA,,63.3,54.38736,SPX 20MAR26 6575 P/USD
63,SPX 20MAR26 6600 P,SPX 20MAR26 6600 P,SPX 20MAR26 6600 P,USD,Option,Option,USA,,,0.0,SPX 20MAR26 6600 P/USD
64,SPX 20MAR26 6890 P,SPX 20MAR26 6890 P,SPX 20MAR26 6890 P,USD,Option,Option,USA,,226.8,194.86656,SPX 20MAR26 6890 P/USD
65,SPXW 16JAN26 6650 P,SPXW 16JAN26 6650 P,SPXW 16JAN26 6650 P,USD,Option,Option,USA,,146.84,126.164928,SPXW 16JAN26 6650 P/USD
66,SPXW 20MAR26 7000 C,SPXW 20MAR26 7000 C,SPXW 20MAR26 7000 C,USD,Option,Option,USA,,153.8,132.14496,SPXW 20MAR26 7000 C/USD
67,SPXW 20MAR26 7200 C,SPXW 20MAR26 7200 C,SPXW 20MAR26 7200 C,USD,Option,Option,USA,,59.9,51.46608,SPXW 20MAR26 7200 C/USD
68,SPXW 21NOV25 6350 C,SPXW 21NOV25 6350 C,SPXW 21NOV25 6350 C,USD,Option,Option,USA,,238.0,204.4896,SPXW 21NOV25 6350 C/USD
69,SPXW 21NOV25 6350 P,SPXW 21NOV25 6350 P,SPXW 21NOV25 6350 P,USD,Option,Option,USA,,111.08,95.439936,SPXW 21NOV25 6350 P/USD
70,SPXW 21NOV25 6400 C,SPXW 21NOV25 6400 C,SPXW 21NOV25 6400 C,USD,Option,Option,USA,,200.31,172.106352,SPXW 21NOV25 6400 C/USD
71,SPXW 21NOV25 6440 P,SPXW 21NOV25 6440 P,SPXW 21NOV25 6440 P,USD,Option,Option,USA,,,0.0,SPXW 21NOV25 6440 P/USD
72,SPXW 27FEB26 6780 C,SPXW 27FEB26 6780 C,SPXW 27FEB26 6780 C,USD,Option,Option,USA,,,0.0,SPXW 27FEB26 6780 C/USD
73,SPXW 30APR26 6825 P,SPXW 30APR26 6825 P,SPXW 30APR26 6825 P,USD,Option,Option,USA,,,0.0,SPXW 30APR26 6825 P/USD
74,SPXW 30JAN26 6420 P,SPXW 30JAN26 6420 P,SPXW 30JAN26 6420 P,USD,Option,Option,USA,,105.9,90.98928,SPXW 30JAN26 6420 P/USD
75,SPXW 30JAN26 6640 P,SPXW 30JAN26 6640 P,SPXW 30JAN26 6640 P,USD,Option,Option,USA,,,0.0,SPXW 30JAN26 6640 P/USD
76,SPXW 30JAN26 6700 C,SPXW 30JAN26 6700 C,SPXW 30JAN26 6700 C,USD,Option,Option,USA,,,0.0,SPXW 30JAN26 6700 C/USD
77,SPXW 30SEP25 6240 C,SPXW 30SEP25 6240 C,SPXW 30SEP25 6240 C,USD,Option,Option,USA,,,0.0,SPXW 30SEP25 6240 C/USD
78,SPXW 30SEP25 6240 P,SPXW 30SEP25 6240 P,SPXW 30SEP25 6240 P,USD,Option,Option,USA,,72.5,62.292,SPXW 30SEP25 6240 P/USD
79,SPXW 31DEC25 6475 C,SPXW 31DEC25 6475 C,SPXW 31DEC25 6475 C,USD,Option,Option,USA,,,0.0,SPXW 31DEC25 6475 C/USD
80,SPXW 31DEC25 6475 P,SPXW 31DEC25 6475 P,SPXW 31DEC25 6475 P,USD,Option,Option,USA,,136.3,117.10896,SPXW 31DEC25 6475 P/USD
81,SPXW 31DEC25 6500 P,SPXW 31DEC25 6500 P,SPXW 31DEC25 6500 P,USD,Option,Option,USA,,98.42,84.562464,SPXW 31DEC25 6500 P/USD
82,SPXW 31DEC25 6590 C,SPXW 31DEC25 6500 C,SPXW 31DEC25 6590 C,USD,Option,Option,USA,,254.6,218.75232,SPXW 31DEC25 6590 C/USD
83,SPXW 31OCT25 6235 C,SPXW 31OCT25 6235 C,SPXW 31OCT25 6235 C,USD,Option,Option,USA,,,0.0,SPXW 31OCT25 6235 C/USD
84,SPXW 31OCT25 6235 P,SPXW 31OCT25 6235 P,SPXW 31OCT25 6235 P,USD,Option,Option,USA,,94.02,80.781984,SPXW 31OCT25 6235 P/USD
85,SPY,SPY,SPY,USD,Stock,ETF,USA,SPY.US,690.36,593.157312,SPY/USD
86,TBLL,INVESCO SHORT TERM TREASURY,TBLL,USD,Bond,Fixed Income,USA,TBLL.US,105.77,90.877584,TBLL/USD
87,TLT,ISHARES 20+ YEAR TREASURY BD,TLT,USD,Bond,Fixed Income,USA,TLT.US,88.33,75.893136,TLT/USD
88,TSLA,TESLA INC,TSLA,USD,Stock,Common Stock,USA,TSLA.US,439.2,377.36064,TSLA/USD
89,TSM 16JAN26 220 P,TSM 16JAN26 220 P,TSM 16JAN26 220 P,USD,Option,Option,USA,,,0.0,TSM 16JAN26 220 P/USD
90,USD,US DOLLAR,USD,USD,Cash & Equivalent,Forex,,USDUSD.FOREX,1.0,0.8592,USD/USD
91,XEON,X EUR OVERNIGHT RATE SWAP 1C,XEON,EUR,Cash & Equivalent,Monetary Fund,GERMANY,XEON.XETRA,148.183,148.183,XEON/EUR
92,XND 21NOV25 239 C,XND 21NOV25 239 C,XND 21NOV25 239 C,USD,Option,Option,USA,,,0.0,XND 21NOV25 239 C/USD
