timestamp,base,quote,symbol,type,subtype,side,price,amount,cost,fee_quote,fee_cost,fx,account
2025-06-23 00:00:00+02:00,,EUR,EUR,Deposit,,,,,1000.0,EUR,0.0,1.0,Bank
2025-06-23 00:00:00+02:00,,EUR,EUR,Deposit,,,,,200000.0,EUR,0.0,1.0,Bank
2025-06-23 00:00:00+02:00,,EUR,EUR,Deposit,,,,,523800.0,EUR,0.0,1.0,Bank
2025-06-23 00:00:00+02:00,,EUR,EUR,Deposit,,,,,130000.0,EUR,0.0,1.0,Bank
2025-06-26 00:00:00+02:00,,EUR,EUR,Deposit,,,,,2700.0,EUR,0.0,1.0,Bank
2025-06-26 00:00:00+02:00,,EUR,EUR,Deposit,,,,,1000.0,EUR,0.0,1.0,Bank
2025-06-26 00:00:00+02:00,,EUR,EUR,Deposit,,,,,22200.0,EUR,0.0,1.0,Bank
2025-06-26 00:00:00+02:00,,EUR,EUR,Transfer,,,,,-800000.0,EUR,0.0,1.0,Bank
2025-06-26 00:00:00+02:00,,EUR,EUR,Transfer,,,,,800000.0,EUR,0.0,1.0,Interactive Broker
2025-06-26 13:15:00+02:00,XEON,EUR,XEON/EUR,Trade,,Buy,146.56,68.0,-9966.08,EUR,-9.97,1.0,Interactive Broker
2025-06-26 22:04:00+02:00,TLT,USD,TLT/USD,Trade,,Buy,87.765,284.0,-24925.26,USD,-2.87,1.1721,Interactive Broker
2025-06-26 22:20:00+02:00,SPX 19DEC25 6150 P,USD,SPX 19DEC25 6150 P/USD,Trade,,Buy,229.4,100.0,-22940.0,USD,-3.64,1.17126,Interactive Broker
2025-06-27 22:10:00+02:00,EUR,USD,EUR/USD,Forex,,Sell,1.1703,-150000.0,175545.0,EUR,-6.0,1.1703,Interactive Broker
2025-06-30 00:00:00+02:00,,EUR,EUR,Tax,Cantonal State Tax,,,,-10.79,EUR,0.0,1.0,Bank
2025-06-30 00:00:00+02:00,,EUR,EUR,Fee,Management Fee,,,,-338.73,EUR,0.0,1.0,Bank
2025-06-30 00:00:00+02:00,,EUR,EUR,Fee,All In Fee,,,,-50.4,EUR,0.0,1.0,Bank
2025-06-30 00:00:00+02:00,,EUR,EUR,Fee,Admin Fees,,,,-61.89,EUR,0.0,1.0,Bank
2025-06-30 00:00:00+02:00,,EUR,EUR,Fee,Set-Up Cost,,,,-73.97,EUR,0.0,1.0,Bank
2025-07-03 00:00:00+02:00,,USD,USD,Interest,,,,,-41.64,USD,0.0,1.17759,Interactive Broker
2025-07-07 07:00:00+02:00,,USD,USD,Dividend,,,,,93.24,USD,0.0,1.17513,Interactive Broker
2025-07-07 07:00:00+02:00,,USD,USD,Tax,,,,,-27.97,USD,0.0,1.17513,Interactive Broker
2025-07-08 00:00:00+02:00,,EUR,EUR,Fee,Set-Up Cost,,,,-74.01,EUR,0.0,1.0,Bank
2025-07-08 00:00:00+02:00,,EUR,EUR,Fee,Admin Fees,,,,-61.4,EUR,0.0,1.0,Bank
2025-07-08 00:00:00+02:00,,EUR,EUR,Fee,Management Fee,,,,-338.49,EUR,0.0,1.0,Bank
2025-07-08 00:00:00+02:00,,EUR,EUR,Fee,All In Fee,,,,-50.4,EUR,0.0,1.0,Bank
2025-07-08 14:50:00+02:00,XEON,EUR,XEON/EUR,Trade,,Buy,146.65,34.0,-4986.1,EUR,-6.0,1.0,Interactive Broker
2025-07-08 15:07:00+02:00,EUR,USD,EUR/USD,Forex,,Sell,1.17221,-50000.0,58610.5,EUR,-3.42,1.17221,Interactive Broker
2025-07-08 19:43:00+02:00,SPXW 30SEP25 6240 C,USD,SPXW 30SEP25 6240 C/USD,Trade,,Buy,202.69,100.0,-20269.0,USD,-3.49,1.17214,Interactive Broker
2025-07-08 19:43:00+02:00,SPXW 30SEP25 6240 P,USD,SPXW 30SEP25 6240 P/USD,Trade,,Buy,156.31,100.0,-15631.0,USD,-3.49,1.17214,Interactive Broker
2025-07-09 13:21:00+02:00,3DES,EUR,3DES/EUR,Trade,,Buy,0.17600352,568.0,-99.97,EUR,-6.0,1.0,Interactive Broker
2025-07-09 17:15:00+02:00,CDNA,USD,CDNA/USD,Trade,,Buy,20.225,988.0,-19982.3,USD,-9.93,1.16964,Interactive Broker
2025-07-09 18:12:00+02:00,RIOT,USD,RIOT/USD,Trade,,Buy,11.63769499,859.0,-9996.78,USD,-8.64,1.16964,Interactive Broker
2025-07-09 18:13:00+02:00,MARA,USD,MARA/USD,Trade,,Buy,17.715,564.0,-9991.26,USD,-5.67,1.16964,Interactive Broker
2025-07-09 18:17:00+02:00,CLSK,USD,CLSK/USD,Trade,,Buy,11.60499419,861.0,-9991.9,USD,-8.66,1.16964,Interactive Broker
2025-07-10 11:43:00+02:00,ASUI,USD,ASUI/USD,Trade,,Buy,93.43986486,74.0,-6914.55,USD,-9.76,1.17346,Interactive Broker
2025-07-10 11:47:00+02:00,AETH,USD,AETH/USD,Trade,,Buy,30.76673846,325.0,-9999.19,USD,-10.0,1.17346,Interactive Broker
2025-07-10 11:49:00+02:00,ASOL,USD,ASOL/USD,Trade,,Buy,104.0,48.0,-4992.0,USD,-8.0,1.17346,Interactive Broker
2025-07-11 20:56:00+02:00,EUR,USD,EUR/USD,Forex,,Sell,1.16931,-150000.0,175396.5,EUR,-6.0,1.16931,Interactive Broker
2025-07-14 18:10:00+02:00,MARA,USD,MARA/USD,Trade,,Sell,20.13056738,-564.0,11353.64,USD,-5.86,1.1692,Interactive Broker
2025-07-14 18:11:00+02:00,CLSK,USD,CLSK/USD,Trade,,Sell,12.74499343,-761.0,9698.94,USD,-7.9,1.1692,Interactive Broker
2025-07-14 18:11:00+02:00,CLSK,USD,CLSK/USD,Trade,,Sell,12.775,-100.0,1277.5,USD,-2.04,1.1692,Interactive Broker
2025-07-14 18:12:00+02:00,RIOT,USD,RIOT/USD,Trade,,Sell,12.64220023,-859.0,10859.65,USD,-8.92,1.1692,Interactive Broker
2025-07-14 18:14:00+02:00,ASUI,USD,ASUI/USD,Trade,,Sell,111.87527027,-74.0,8278.77,USD,-11.79,1.1692,Interactive Broker
2025-07-15 00:00:00+02:00,,EUR,EUR,Fee,Management Fee,,,,-336.52,EUR,0.0,1.0,Bank
2025-07-15 00:00:00+02:00,,EUR,EUR,Fee,Admin Fees,,,,-60.82,EUR,0.0,1.0,Bank
2025-07-15 00:00:00+02:00,,EUR,EUR,Fee,All In Fee,,,,-50.4,EUR,0.0,1.0,Bank
2025-07-15 00:00:00+02:00,,EUR,EUR,Fee,Set-Up Cost,,,,-74.39,EUR,0.0,1.0,Bank
2025-07-16 17:53:00+02:00,AETH,USD,AETH/USD,Trade,,Sell,35.89827692,-325.0,11666.94,USD,-11.67,1.16165,Interactive Broker
2025-07-16 18:46:00+02:00,EUR,USD,EUR/USD,Forex,,Sell,1.16865,-50000.0,58432.5,EUR,-3.45,1.16865,Interactive Broker
2025-07-17 16:49:00+02:00,ASOL,USD,ASOL/USD,Trade,,Sell,114.02,-48.0,5472.96,USD,-8.0,1.15963,Interactive Broker
2025-07-17 16:55:00+02:00,CDNA,USD,CDNA/USD,Trade,,Sell,14.0,-388.0,5432.0,USD,-4.03,1.1592,Interactive Broker
2025-07-17 17:06:00+02:00,CDNA,USD,CDNA/USD,Trade,,Sell,12.01,-300.0,3603.0,USD,-3.12,1.1592,Interactive Broker
2025-07-17 19:13:00+02:00,SPXW 30SEP25 6240 C,USD,SPXW 30SEP25 6240 C/USD,Trade,,Sell,226.2,-100.0,22620.0,USD,-3.49,1.15807,Interactive Broker
2025-07-18 16:39:00+02:00,MARA,USD,MARA/USD,Trade,,Buy,20.465,488.0,-9986.92,USD,-4.91,1.16378,Interactive Broker
2025-07-18 16:40:00+02:00,CLSK,USD,CLSK/USD,Trade,,Buy,13.39,746.0,-9988.94,USD,-7.49,1.16378,Interactive Broker
2025-07-18 16:42:00+02:00,RIOT,USD,RIOT/USD,Trade,,Buy,13.86509015,721.0,-9996.73,USD,-7.25,1.16378,Interactive Broker
2025-07-18 16:43:00+02:00,CIFR,USD,CIFR/USD,Trade,,Buy,6.67799555,898.0,-5996.84,USD,-9.03,1.16378,Interactive Broker
2025-07-18 17:24:00+02:00,MARA,USD,MARA/USD,Trade,,Sell,20.5320082,-488.0,10019.62,USD,-5.07,1.16378,Interactive Broker
2025-07-18 17:25:00+02:00,RIOT,USD,RIOT/USD,Trade,,Sell,13.81389736,-721.0,9959.82,USD,-7.48,1.16378,Interactive Broker
2025-07-18 17:26:00+02:00,CLSK,USD,CLSK/USD,Trade,,Sell,13.15107239,-746.0,9810.7,USD,-7.75,1.16378,Interactive Broker
2025-07-22 00:00:00+02:00,,EUR,EUR,Fee,Management Fee,,,,-336.64,EUR,0.0,1.0,Bank
2025-07-22 00:00:00+02:00,,EUR,EUR,Fee,All In Fee,,,,-50.49,EUR,0.0,1.0,Bank
2025-07-22 00:00:00+02:00,,EUR,EUR,Fee,Set-Up Cost,,,,-74.19,EUR,0.0,1.0,Bank
2025-07-22 00:00:00+02:00,,EUR,EUR,Fee,Admin Fees,,,,-60.96,EUR,0.0,1.0,Bank
2025-07-23 17:31:00+02:00,BIL,USD,BIL/USD,Trade,,Buy,91.67,212.0,-19434.04,USD,-2.13,1.1731,Interactive Broker
2025-07-23 17:32:00+02:00,SHV,USD,SHV/USD,Trade,,Buy,110.33498328,299.0,-32990.16,USD,-3.01,1.1731,Interactive Broker
2025-07-23 17:34:00+02:00,TBLL,USD,TBLL/USD,Trade,,Buy,105.42800633,316.0,-33315.25,USD,-3.18,1.1731,Interactive Broker
2025-07-23 17:35:00+02:00,BIL,USD,BIL/USD,Trade,,Buy,91.67565217,115.0,-10542.7,USD,-2.01,1.1731,Interactive Broker
2025-07-23 17:42:00+02:00,RUTW 30SEP25 2270 C,USD,RUTW 30SEP25 2270 C/USD,Trade,,Buy,90.9,100.0,-9090.0,USD,-2.47,1.1731,Interactive Broker
2025-07-23 17:42:00+02:00,RUTW 30SEP25 2270 P,USD,RUTW 30SEP25 2270 P/USD,Trade,,Buy,75.4,100.0,-7540.0,USD,-2.41,1.1731,Interactive Broker
2025-07-23 17:49:00+02:00,CIFR,USD,CIFR/USD,Trade,,Sell,6.56,-898.0,5890.88,USD,-9.32,1.1731,Interactive Broker
2025-07-24 18:45:00+02:00,BIL,USD,BIL/USD,Trade,,Buy,91.68500655,763.0,-69955.66,USD,-7.67,1.1731,Interactive Broker
2025-07-29 00:00:00+02:00,,EUR,EUR,Fee,Management Fee,,,,-335.12,EUR,0.0,1.0,Bank
2025-07-29 00:00:00+02:00,,EUR,EUR,Fee,Set-Up Cost,,,,-74.35,EUR,0.0,1.0,Bank
2025-07-29 00:00:00+02:00,,EUR,EUR,Fee,Admin Fees,,,,-60.96,EUR,0.0,1.0,Bank
2025-07-29 00:00:00+02:00,,EUR,EUR,Fee,All In Fee,,,,-50.26,EUR,0.0,1.0,Bank
2025-07-30 11:55:00+02:00,NG OCT25 3.15 C,USD,NG OCT25 3.15 C/USD,Trade,,Buy,0.363,10000.0,-3630.0,USD,-4.34,1.15567,Interactive Broker
2025-07-30 18:28:00+02:00,SHV,USD,SHV/USD,Trade,,Sell,110.41,-299.0,33012.59,USD,-3.11,1.1505,Interactive Broker
2025-07-30 18:28:00+02:00,TBLL,USD,TBLL/USD,Trade,,Sell,105.5,-316.0,33338.0,USD,-3.28,1.1505,Interactive Broker
2025-07-30 18:31:00+02:00,EUR,USD,EUR/USD,Forex,,Buy,1.14782,250000.0,-286955.0,EUR,-9.94,1.14782,Interactive Broker
2025-07-30 18:33:00+02:00,EUR,USD,EUR/USD,Forex,,Sell,1.1474,-5000.0,5737.0,EUR,-3.46,1.1474,Interactive Broker
2025-08-01 16:38:00+02:00,RUTW 30SEP25 2270 P,USD,RUTW 30SEP25 2270 P/USD,Trade,,Sell,128.7,-100.0,12870.0,USD,-2.47,1.1555,Interactive Broker
2025-08-01 16:54:00+02:00,SPXW 30SEP25 6240 P,USD,SPXW 30SEP25 6240 P/USD,Trade,,Sell,148.3,-100.0,14830.0,USD,-3.49,1.1555,Interactive Broker
2025-08-01 16:55:00+02:00,EUR,USD,EUR/USD,Forex,,Sell,1.15552,-70000.0,80886.4,EUR,-3.5,1.15552,Interactive Broker
2025-08-01 20:07:00+02:00,SPXW 31OCT25 6235 C,USD,SPXW 31OCT25 6235 C/USD,Trade,,Buy,228.6,100.0,-22860.0,USD,-3.49,1.15537,Interactive Broker
2025-08-01 20:07:00+02:00,SPXW 31OCT25 6235 P,USD,SPXW 31OCT25 6235 P/USD,Trade,,Buy,181.3,100.0,-18130.0,USD,-3.49,1.15537,Interactive Broker
2025-08-05 00:00:00+02:00,,EUR,EUR,Fee,Admin Fees,,,,-60.78,EUR,0.0,1.0,Bank
2025-08-05 00:00:00+02:00,,EUR,EUR,Fee,Set-Up Cost,,,,-74.02,EUR,0.0,1.0,Bank
2025-08-05 00:00:00+02:00,,EUR,EUR,Fee,All In Fee,,,,-50.02,EUR,0.0,1.0,Bank
2025-08-05 00:00:00+02:00,,EUR,EUR,Fee,Management Fee,,,,-333.48,EUR,0.0,1.0,Bank
2025-08-06 07:00:00+02:00,,USD,USD,Dividend,,,,,93.95,USD,0.0,1.16167,Interactive Broker
2025-08-06 07:00:00+02:00,,USD,USD,Tax,,,,,-104.41,USD,0.0,1.16167,Interactive Broker
2025-08-06 07:00:00+02:00,,USD,USD,Tax,,,,,-28.19,USD,0.0,1.16167,Interactive Broker
2025-08-06 07:00:00+02:00,,USD,USD,Dividend,,,,,348.03,USD,0.0,1.16167,Interactive Broker
2025-08-12 00:00:00+02:00,,EUR,EUR,Fee,Set-Up Cost,,,,-73.48,EUR,0.0,1.0,Bank
2025-08-12 00:00:00+02:00,,EUR,EUR,Fee,All In Fee,,,,-50.68,EUR,0.0,1.0,Bank
2025-08-12 00:00:00+02:00,,EUR,EUR,Fee,Management Fee,,,,-337.91,EUR,0.0,1.0,Bank
2025-08-12 00:00:00+02:00,,EUR,EUR,Fee,Admin Fees,,,,-61.19,EUR,0.0,1.0,Bank
2025-08-13 16:37:00+02:00,SPXW 31OCT25 6235 C,USD,SPXW 31OCT25 6235 C/USD,Trade,,Sell,364.8,-100.0,36480.0,USD,-3.49,1.17217,Interactive Broker
2025-08-13 16:41:00+02:00,PNR,USD,PNR/USD,Trade,,Buy,107.51,37.0,-3977.87,USD,-2.0,1.17217,Interactive Broker
2025-08-13 16:44:00+02:00,BILI,USD,BILI/USD,Trade,,Buy,24.33,123.0,-2992.59,USD,-2.01,1.17217,Interactive Broker
2025-08-13 16:47:00+02:00,APTV,USD,APTV/USD,Trade,,Buy,72.46,55.0,-3985.3,USD,-2.0,1.17217,Interactive Broker
2025-08-13 16:48:00+02:00,GEN,USD,GEN/USD,Trade,,Buy,32.06903226,93.0,-2982.42,USD,-2.01,1.17217,Interactive Broker
2025-08-13 16:50:00+02:00,MARA,USD,MARA/USD,Trade,,Buy,16.025,312.0,-4999.8,USD,-3.14,1.17217,Interactive Broker
2025-08-13 16:53:00+02:00,CLSK,USD,CLSK/USD,Trade,,Buy,10.06498741,397.0,-3995.8,USD,-3.99,1.17217,Interactive Broker
2025-08-13 16:53:00+02:00,RIOT,USD,RIOT/USD,Trade,,Buy,11.65804665,343.0,-3998.71,USD,-3.45,1.17217,Interactive Broker
2025-08-13 16:54:00+02:00,CIFR,USD,CIFR/USD,Trade,,Buy,4.88,819.0,-3996.72,USD,-8.23,1.17217,Interactive Broker
2025-08-13 17:11:00+02:00,APA,USD,APA/USD,Trade,,Buy,20.67503448,145.0,-2997.88,USD,-2.01,1.17217,Interactive Broker
2025-08-13 20:02:00+02:00,RUTW 30SEP25 2270 C,USD,RUTW 30SEP25 2270 C/USD,Trade,,Sell,100.19,-100.0,10019.0,USD,-2.47,1.17018,Interactive Broker
2025-08-18 20:20:00+02:00,CIFR,USD,CIFR/USD,Trade,,Sell,6.21499389,-819.0,5090.08,USD,-8.51,1.16772,Interactive Broker
2025-08-19 00:00:00+02:00,,EUR,EUR,Fee,Set-Up Cost,,,,-73.58,EUR,0.0,1.0,Bank
2025-08-19 00:00:00+02:00,,EUR,EUR,Fee,All In Fee,,,,-50.45,EUR,0.0,1.0,Bank
2025-08-19 00:00:00+02:00,,EUR,EUR,Fee,Admin Fees,,,,-61.26,EUR,0.0,1.0,Bank
2025-08-19 00:00:00+02:00,,EUR,EUR,Fee,Management Fee,,,,-336.35,EUR,0.0,1.0,Bank
2025-08-19 17:49:00+02:00,APA,USD,APA/USD,Trade,,Sell,20.61503448,-145.0,2989.18,USD,-2.06,1.16828,Interactive Broker
2025-08-19 17:49:00+02:00,APTV,USD,APTV/USD,Trade,,Sell,76.34,-55.0,4198.7,USD,-2.02,1.16828,Interactive Broker
2025-08-19 17:50:00+02:00,GEN,USD,GEN/USD,Trade,,Sell,31.44494624,-93.0,2924.38,USD,-2.04,1.16828,Interactive Broker
2025-08-19 17:50:00+02:00,PNR,USD,PNR/USD,Trade,,Sell,106.92,-37.0,3956.04,USD,-2.01,1.16828,Interactive Broker
2025-08-19 18:07:00+02:00,BILI,USD,BILI/USD,Trade,,Sell,24.97495935,-123.0,3071.92,USD,-2.05,1.16828,Interactive Broker
2025-08-19 18:12:00+02:00,SPXW 21NOV25 6400 C,USD,SPXW 21NOV25 6400 C/USD,Trade,,Buy,231.93,100.0,-23193.0,USD,-3.49,1.16828,Interactive Broker
2025-08-19 18:12:00+02:00,SPXW 21NOV25 6440 P,USD,SPXW 21NOV25 6440 P/USD,Trade,,Buy,160.87,100.0,-16087.0,USD,-3.49,1.16828,Interactive Broker
2025-08-19 21:02:00+02:00,SPXW 21NOV25 6440 P,USD,SPXW 21NOV25 6440 P/USD,Trade,,Sell,167.4,-100.0,16740.0,USD,-3.49,1.16742,Interactive Broker
2025-08-19 21:04:00+02:00,RIOT,USD,RIOT/USD,Trade,,Sell,11.80501458,-343.0,4049.12,USD,-3.56,1.16742,Interactive Broker
2025-08-20 17:11:00+02:00,SPXW 21NOV25 6350 C,USD,SPXW 21NOV25 6350 C/USD,Trade,,Buy,228.05,100.0,-22805.0,USD,-3.29,1.16461,Interactive Broker
2025-08-20 17:11:00+02:00,SPXW 21NOV25 6350 P,USD,SPXW 21NOV25 6350 P/USD,Trade,,Buy,160.55,100.0,-16055.0,USD,-3.29,1.16461,Interactive Broker
2025-08-20 17:32:00+02:00,XEON,EUR,XEON/EUR,Trade,,Buy,147.015,680.0,-99970.2,EUR,-99.97,1.0,Interactive Broker
2025-08-21 20:09:00+02:00,SPXW 31OCT25 6235 P,USD,SPXW 31OCT25 6235 P/USD,Trade,,Sell,106.3,-100.0,10630.0,USD,-3.49,1.16338,Interactive Broker
2025-08-22 17:50:00+02:00,SPXW 21NOV25 6400 C,USD,SPXW 21NOV25 6400 C/USD,Trade,,Buy,253.7,-100.0,25370.0,USD,-3.49,1.17153,Interactive Broker
2025-08-25 17:30:00+02:00,TSLA,USD,TSLA/USD,Trade,,Buy,340.805,58.0,-19766.69,USD,-2.0,1.16998,Interactive Broker
2025-08-25 17:41:00+02:00,RIOT,USD,RIOT/USD,Trade,,Buy,13.03929104,536.0,-6989.06,USD,-5.39,1.16998,Interactive Broker
2025-08-25 17:42:00+02:00,CLSK,USD,CLSK/USD,Trade,,Buy,9.46537879,528.0,-4997.72,USD,-5.31,1.16998,Interactive Broker
2025-08-25 17:46:00+02:00,CIFR,USD,CIFR/USD,Trade,,Buy,6.32,791.0,-4999.12,USD,-7.94,1.16998,Interactive Broker
2025-08-25 17:51:00+02:00,CANG,USD,CANG/USD,Trade,,Buy,5.06008097,494.0,-2499.68,USD,-4.97,1.16998,Interactive Broker
2025-08-25 18:05:00+02:00,MARA,USD,MARA/USD,Trade,,Buy,15.43930233,129.0,-1991.67,USD,-2.01,1.16853,Interactive Broker
2025-08-26 00:00:00+02:00,,EUR,EUR,Fee,Management Fee,,,,-338.26,EUR,0.0,1.0,Bank
2025-08-26 00:00:00+02:00,,EUR,EUR,Fee,All In Fee,,,,-50.74,EUR,0.0,1.0,Bank
2025-08-26 00:00:00+02:00,,EUR,EUR,Fee,Admin Fees,,,,-61.18,EUR,0.0,1.0,Bank
2025-08-26 00:00:00+02:00,,EUR,EUR,Fee,Performance Fee,,,,-592.31,EUR,0.0,1.0,Bank
2025-08-26 00:00:00+02:00,,EUR,EUR,Fee,Set-Up Cost,,,,-73.86,EUR,0.0,1.0,Bank
2025-08-26 14:35:00+02:00,EUR,USD,EUR/USD,Forex,,Sell,1.16488,-100000.0,116488.0,EUR,-4.01,1.16488,Interactive Broker
2025-08-26 17:50:00+02:00,SPX 19DEC25 6440 C,USD,SPX 19DEC25 6440 C/USD,Trade,,Buy,242.14,100.0,-24214.0,USD,-3.63,1.16517,Interactive Broker
2025-08-26 17:50:00+02:00,SPX 19DEC25 6440 P,USD,SPX 19DEC25 6440 P/USD,Trade,,Buy,171.86,100.0,-17186.0,USD,-3.63,1.16517,Interactive Broker
2025-08-27 00:00:00+02:00,,EUR,EUR,Deposit,,,,,101210.9,EUR,0.0,1.0,Bank
2025-08-27 00:00:00+02:00,,EUR,EUR,Transfer,,,,,-120000.0,EUR,0.0,1.0,Bank
2025-08-27 00:00:00+02:00,,EUR,EUR,Transfer,,,,,120000.0,EUR,0.0,1.0,Interactive Broker
2025-08-27 18:21:00+02:00,TSLA,USD,TSLA/USD,Trade,,Sell,352.76155172,-58.0,20460.17,USD,-2.02,1.16243,Interactive Broker
2025-08-27 18:22:00+02:00,CIFR,USD,CIFR/USD,Trade,,Sell,7.05499368,-791.0,5580.5,USD,-8.22,1.16243,Interactive Broker
2025-08-27 18:29:00+02:00,ASUI,USD,ASUI/USD,Trade,,Buy,100.80884058,69.0,-6955.81,USD,-9.75,1.16243,Interactive Broker
2025-08-27 21:13:00+02:00,SPX 19DEC25 6485 C,USD,SPX 19DEC25 6485 C/USD,Trade,,Buy,239.24,100.0,-23924.0,USD,-3.63,1.16321,Interactive Broker
2025-08-27 21:13:00+02:00,SPX 19DEC25 6485 P,USD,SPX 19DEC25 6485 P/USD,Trade,,Buy,170.51,100.0,-17051.0,USD,-3.63,1.16321,Interactive Broker
2025-08-28 18:22:00+02:00,AAVE,USD,AAVE/USD,Trade,,Buy,37.92847826,184.0,-6978.84,USD,-9.75,1.16807,Interactive Broker
2025-08-28 21:31:00+02:00,EUR,USD,EUR/USD,Forex,,Sell,1.16875,-150000.0,175312.5,EUR,-6.03,1.16875,Interactive Broker
2025-08-28 21:49:00+02:00,SPXW 21NOV25 6350 C,USD,SPXW 21NOV25 6350 C/USD,Trade,,Sell,306.06,-100.0,30606.0,USD,-3.49,1.16875,Interactive Broker
2025-08-28 21:49:00+02:00,SPXW 21NOV25 6350 P,USD,SPXW 21NOV25 6350 P/USD,Trade,,Sell,101.94,-100.0,10194.0,USD,-3.49,1.16875,Interactive Broker
2025-08-29 19:39:00+02:00,TSLA,USD,TSLA/USD,Trade,,Buy,336.13864407,59.0,-19832.18,USD,-2.0,1.16992,Interactive Broker
2025-08-29 21:08:00+02:00,SPX 19DEC25 6455 C,USD,SPX 19DEC25 6455 C/USD,Trade,,Buy,241.39,100.0,-24139.0,USD,-3.63,1.16983,Interactive Broker
2025-08-29 21:08:00+02:00,SPX 19DEC25 6455 P,USD,SPX 19DEC25 6455 P/USD,Trade,,Buy,171.86,100.0,-17186.0,USD,-3.63,1.16983,Interactive Broker
2025-09-02 00:00:00+02:00,,EUR,EUR,Fee,All In Fee,,,,-56.82,EUR,0.0,1.0,Bank
2025-09-02 00:00:00+02:00,,EUR,EUR,Fee,Management Fee,,,,-378.84,EUR,0.0,1.0,Bank
2025-09-02 00:00:00+02:00,,EUR,EUR,Fee,Set-Up Cost,,,,-73.93,EUR,0.0,1.0,Bank
2025-09-02 00:00:00+02:00,,EUR,EUR,Fee,Admin Fees,,,,-60.93,EUR,0.0,1.0,Bank
2025-09-02 11:50:00+02:00,3DES,EUR,3DES/EUR,Trade,,Buy,0.19,26315.0,-4999.85,EUR,-6.0,1.0,Interactive Broker
2025-09-02 19:18:00+02:00,SPX 19DEC25 6485 P,USD,SPX 19DEC25 6485 P/USD,Trade,,Sell,225.3,-100.0,22530.0,USD,-3.63,1.16432,Interactive Broker
2025-09-02 19:21:00+02:00,CLSK,USD,CLSK/USD,Trade,,Sell,9.43464865,-925.0,8727.05,USD,-9.61,1.16432,Interactive Broker
2025-09-02 19:21:00+02:00,MARA,USD,MARA/USD,Trade,,Sell,15.77501134,-441.0,6956.78,USD,-4.58,1.16432,Interactive Broker
2025-09-02 19:21:00+02:00,RIOT,USD,RIOT/USD,Trade,,Sell,13.675,-536.0,7329.8,USD,-5.57,1.16432,Interactive Broker
2025-09-03 16:30:00+02:00,SPX 19DEC25 6485 C,USD,SPX 19DEC25 6485 C/USD,Trade,,Sell,211.3,-100.0,21130.0,USD,-3.63,1.16573,Interactive Broker
2025-09-03 16:48:00+02:00,MARA,USD,MARA/USD,Trade,,Buy,16.52619385,423.0,-6990.58,USD,-4.25,1.16573,Interactive Broker
2025-09-03 18:40:00+02:00,GC DEC25 3630 P,USD,GC DEC25 3630 P/USD,Trade,,Buy,121.6,100.0,-12160.0,USD,-5.04,1.16753,Interactive Broker
2025-09-04 00:00:00+02:00,,USD,USD,Interest,,,,,-2.87,USD,0.0,1.16666667,Interactive Broker
2025-09-04 22:58:00+02:00,SPX 19DEC25 6440 C,USD,SPX 19DEC25 6440 C/USD,Trade,,Sell,272.7,-100.0,27270.0,USD,-3.63,1.16496,Interactive Broker
2025-09-05 07:00:00+02:00,,USD,USD,Tax,,,,,-27.95,USD,0.0,1.17185576,Interactive Broker
2025-09-05 07:00:00+02:00,,USD,USD,Tax,,,,,-105.29,USD,0.0,1.17185576,Interactive Broker
2025-09-05 07:00:00+02:00,,USD,USD,Dividend,,,,,93.18,USD,0.0,1.17186882,Interactive Broker
2025-09-05 07:00:00+02:00,,USD,USD,Dividend,,,,,350.97,USD,0.0,1.17186882,Interactive Broker
2025-09-05 15:30:00+02:00,EUR,USD,EUR/USD,Forex,,Buy,1.174,150000.0,-176100.0,EUR,-6.05,1.174,Interactive Broker
2025-09-05 17:25:00+02:00,EUR,USD,EUR/USD,Forex,,Sell,1.17366,-150000.0,176049.0,EUR,-6.04,1.17366,Interactive Broker
2025-09-05 17:29:00+02:00,TSLA,USD,TSLA/USD,Trade,,Sell,347.1,-59.0,20478.9,USD,-2.02,1.17366,Interactive Broker
2025-09-05 17:30:00+02:00,SPX 19DEC25 6440 P,USD,SPX 19DEC25 6440 P/USD,Trade,,Sell,159.4,-100.0,15940.0,USD,-3.63,1.17366,Interactive Broker
2025-09-05 17:41:00+02:00,MARA,USD,MARA/USD,Trade,,Sell,14.71498818,-423.0,6224.44,USD,-4.39,1.17366,Interactive Broker
2025-09-05 17:44:00+02:00,SPXW 31DEC25 6475 C,USD,SPXW 31DEC25 6475 C/USD,Trade,,Buy,241.55,100.0,-24155.0,USD,-3.49,1.17366,Interactive Broker
2025-09-05 17:44:00+02:00,SPXW 31DEC25 6475 P,USD,SPXW 31DEC25 6475 P/USD,Trade,,Buy,184.3,100.0,-18430.0,USD,-3.49,1.17366,Interactive Broker
2025-09-08 17:46:00+02:00,XND 21NOV25 239 C,USD,XND 21NOV25 239 C/USD,Trade,,Buy,8.4,1500.0,-12600.0,USD,-21.02,1.17481,Interactive Broker
2025-09-08 17:52:00+02:00,ASOL,USD,ASOL/USD,Trade,,Buy,141.18,49.0,-6917.82,USD,-8.0,1.17481,Interactive Broker
2025-09-08 17:56:00+02:00,AINJ,EUR,AINJ/EUR,Trade,,Buy,11.0595941,542.0,-5994.3,EUR,-7.5,1.0,Interactive Broker
2025-09-09 00:00:00+02:00,,EUR,EUR,Fee,Set-Up Cost,,,,-74.24,EUR,0.0,1.0,Bank
2025-09-09 00:00:00+02:00,,EUR,EUR,Fee,Management Fee,,,,-377.93,EUR,0.0,1.0,Bank
2025-09-09 00:00:00+02:00,,EUR,EUR,Fee,All In Fee,,,,-56.69,EUR,0.0,1.0,Bank
2025-09-09 00:00:00+02:00,,EUR,EUR,Fee,Admin Fees,,,,-60.98,EUR,0.0,1.0,Bank
2025-09-10 00:00:00+02:00,,USD,USD,Interest,,,,,11.63,USD,0.0,1.16884422,Interactive Broker
2025-09-10 07:00:00+02:00,,USD,USD,Tax,,,,,-3.49,USD,0.0,1.17114094,Interactive Broker
2025-09-10 17:29:00+02:00,XND 21NOV25 239 C,USD,XND 21NOV25 239 C/USD,Trade,,Sell,8.45,-1500.0,12675.0,USD,-21.02,1.17212,Interactive Broker
2025-09-10 18:11:00+02:00,SPXW 31DEC25 6475 C,USD,SPXW 31DEC25 6475 C/USD,Trade,,Sell,283.5,-100.0,28350.0,USD,-3.49,1.17099,Interactive Broker
2025-09-10 18:15:00+02:00,MARA,USD,MARA/USD,Trade,,Buy,16.385,610.0,-9994.85,USD,-6.13,1.17099,Interactive Broker
2025-09-10 18:15:00+02:00,RIOT,USD,RIOT/USD,Trade,,Buy,15.875,314.0,-4984.75,USD,-3.16,1.17099,Interactive Broker
2025-09-10 18:16:00+02:00,CLSK,USD,CLSK/USD,Trade,,Buy,9.9796008,501.0,-4999.78,USD,-5.03,1.17099,Interactive Broker
2025-09-11 18:17:00+02:00,SPX 19DEC25 6455 C,USD,SPX 19DEC25 6455 C/USD,Trade,,Sell,309.17,-100.0,30917.0,USD,-3.63,1.1734,Interactive Broker
2025-09-11 18:17:00+02:00,SPX 19DEC25 6455 P,USD,SPX 19DEC25 6455 P/USD,Trade,,Sell,124.83,-100.0,12483.0,USD,-3.63,1.1734,Interactive Broker
2025-09-12 10:35:00+02:00,DAX 19DEC25 23800 P,EUR,DAX 19DEC25 23800 P/EUR,Trade,,Buy,683.0,10.0,-6830.0,EUR,-4.8,1.0,Interactive Broker
2025-09-12 17:30:00+02:00,SPXW 31DEC25 6500 P,USD,SPXW 31DEC25 6500 P/USD,Trade,,Buy,142.21,100.0,-14221.0,USD,-3.49,1.17196,Interactive Broker
2025-09-12 17:30:00+02:00,SPXW 31DEC25 6590 C,USD,SPXW 31DEC25 6590 C/USD,Trade,,Buy,233.74,100.0,-23374.0,USD,-3.49,1.17196,Interactive Broker
2025-09-16 00:00:00+02:00,,EUR,EUR,Fee,Set-Up Cost,,,,-74.07,EUR,0.0,1.0,Bank
2025-09-16 00:00:00+02:00,,EUR,EUR,Fee,Management Fee,,,,-376.75,EUR,0.0,1.0,Bank
2025-09-16 00:00:00+02:00,,EUR,EUR,Fee,All In Fee,,,,-56.51,EUR,0.0,1.0,Bank
2025-09-16 00:00:00+02:00,,EUR,EUR,Fee,Admin Fees,,,,-61.15,EUR,0.0,1.0,Bank
2025-09-16 11:22:00+02:00,DAX 19DEC25 23800 P,EUR,DAX 19DEC25 23800 P/EUR,Trade,,Sell,855.0,-5.0,4275.0,EUR,-2.4,1.0,Interactive Broker
2025-09-16 11:26:00+02:00,DAX 19DEC25 23800 P,EUR,DAX 19DEC25 23800 P/EUR,Trade,,Sell,859.0,-5.0,4295.0,EUR,-2.4,1.0,Interactive Broker
2025-09-16 17:07:00+02:00,SPXW 31DEC25 6475 P,USD,SPXW 31DEC25 6475 P/USD,Trade,,Sell,136.3,-100.0,13630.0,USD,-3.49,1.18495,Interactive Broker
2025-09-16 17:28:00+02:00,RIOT,USD,RIOT/USD,Trade,,Buy,17.02976109,293.0,-4989.72,USD,-2.94,1.18495,Interactive Broker
2025-09-16 17:30:00+02:00,CLSK,USD,CLSK/USD,Trade,,Buy,10.66644128,281.0,-2997.27,USD,-2.82,1.18495,Interactive Broker
2025-09-17 18:33:00+02:00,SPX 19DEC25 6605 C,USD,SPX 19DEC25 6605 C/USD,Trade,,Buy,219.63,100.0,-21963.0,USD,-3.63,1.18489,Interactive Broker
2025-09-17 18:33:00+02:00,SPX 19DEC25 6605 P,USD,SPX 19DEC25 6605 P/USD,Trade,,Buy,166.82,100.0,-16682.0,USD,-3.63,1.18489,Interactive Broker
2025-09-18 16:30:00+02:00,SPXW 31DEC25 6590 C,USD,SPXW 31DEC25 6590 C/USD,Trade,,Sell,256.5,-100.0,25650.0,USD,-3.49,1.17713,Interactive Broker
2025-09-18 16:45:00+02:00,ASUI,USD,ASUI/USD,Trade,,Sell,111.12,-69.0,7667.28,USD,-8.0,1.17713,Interactive Broker
2025-09-18 16:45:00+02:00,CLSK,USD,CLSK/USD,Trade,,Sell,11.89070332,-782.0,9298.53,USD,-8.11,1.17713,Interactive Broker
2025-09-18 16:45:00+02:00,MARA,USD,MARA/USD,Trade,,Sell,17.505,-610.0,10678.05,USD,-6.33,1.17713,Interactive Broker
2025-09-18 16:46:00+02:00,AINJ,EUR,AINJ/EUR,Trade,,Sell,11.67439114,-542.0,6327.52,EUR,-7.83,1.0,Interactive Broker
2025-09-18 16:46:00+02:00,ASOL,USD,ASOL/USD,Trade,,Sell,161.08,-49.0,7892.92,USD,-8.0,1.17713,Interactive Broker
2025-09-18 17:37:00+02:00,ASUI,USD,ASUI/USD,Trade,,Buy,113.2699,100.0,-11326.99,USD,-13.1,1.17777,Interactive Broker
2025-09-23 00:00:00+02:00,,EUR,EUR,Fee,Admin Fees,,,,-60.54,EUR,0.0,1.0,Bank
2025-09-23 00:00:00+02:00,,EUR,EUR,Fee,All In Fee,,,,-56.49,EUR,0.0,1.0,Bank
2025-09-23 00:00:00+02:00,,EUR,EUR,Fee,Management Fee,,,,-376.6,EUR,0.0,1.0,Bank
2025-09-23 00:00:00+02:00,,EUR,EUR,Fee,Set-Up Cost,,,,-74.03,EUR,0.0,1.0,Bank
2025-09-23 16:44:00+02:00,SPX 19DEC25 6605 C,USD,SPX 19DEC25 6605 C/USD,Trade,,Sell,281.1,-100.0,28110.0,USD,-3.63,1.17976,Interactive Broker
2025-09-23 17:30:00+02:00,EUR,USD,EUR/USD,Forex,,Sell,1.17967,-100000.0,117967.0,EUR,-4.0,1.17967,Interactive Broker
2025-09-23 20:47:00+02:00,JPM 20MAR26 315 P,USD,JPM 20MAR26 315 P/USD,Trade,,Buy,21.82,200.0,-4364.0,USD,-2.8,1.18115,Interactive Broker
2025-09-24 14:06:00+02:00,ASUI,USD,ASUI/USD,Trade,,Sell,97.34,-50.0,4867.0,USD,-8.0,1.17459,Interactive Broker
2025-09-24 14:07:00+02:00,AAVE,USD,AAVE/USD,Trade,,Sell,33.08663462,-104.0,3441.01,USD,-9.77,1.17459,Interactive Broker
2025-09-24 17:28:00+02:00,RIOT,USD,RIOT/USD,Trade,,Sell,19.51069193,-607.0,11842.99,USD,-6.3,1.17425,Interactive Broker
2025-09-25 16:35:00+02:00,SPX 19DEC25 6605 P,USD,SPX 19DEC25 6605 P/USD,Trade,,Sell,172.3,-100.0,17230.0,USD,-3.63,1.16809,Interactive Broker
2025-09-25 21:30:00+02:00,EUR,USD,EUR/USD,Forex,,Buy,1.16513996,85826.59,-99999.99,EUR,-3.41,1.16513996,Interactive Broker
2025-09-25 21:30:00+02:00,EUR,USD,EUR/USD,Forex,,Buy,1.16513996,85826.59,-99999.99,EUR,-3.41,1.16513996,Interactive Broker
2025-09-25 21:31:00+02:00,EUR,USD,EUR/USD,Forex,,Buy,1.16522998,85819.96,-99999.99,EUR,-3.41,1.16522998,Interactive Broker
2025-09-26 00:15:00+02:00,NG OCT25 3.15 C,USD,NG OCT25 3.15 C/USD,Trade,,Sell,0.0,-10000.0,0.0,USD,0.0,1.1666,Interactive Broker
2025-09-26 16:57:00+02:00,SPX 16JAN26 6630 P,USD,SPX 16JAN26 6630 P/USD,Trade,,Buy,179.9,100.0,-17990.0,USD,-3.63,1.16912,Interactive Broker
2025-09-26 17:09:00+02:00,SPX 16JAN26 6630 P,USD,SPX 16JAN26 6630 P/USD,Trade,,Sell,187.2,-100.0,18720.0,USD,-3.63,1.16912,Interactive Broker
2025-09-26 17:13:00+02:00,META 19DEC25 740 P,USD,META 19DEC25 740 P/USD,Trade,,Buy,45.46,100.0,-4546.0,USD,-2.1,1.16912,Interactive Broker
2025-09-26 20:34:00+02:00,SPXW 16JAN26 6650 P,USD,SPXW 16JAN26 6650 P/USD,Trade,,Buy,183.2,100.0,-18320.0,USD,-3.49,1.17019,Interactive Broker
2025-09-30 00:00:00+02:00,,EUR,EUR,Fee,Set-Up Cost,,,,-74.0,EUR,0.0,1.0,Bank
2025-09-30 00:00:00+02:00,,EUR,EUR,Fee,Performance Fee,,,,-492.28,EUR,0.0,1.0,Bank
2025-09-30 00:00:00+02:00,,EUR,EUR,Fee,Management Fee,,,,-376.61,EUR,0.0,1.0,Bank
2025-09-30 00:00:00+02:00,,EUR,EUR,Fee,All In Fee,,,,-56.49,EUR,0.0,1.0,Bank
2025-09-30 00:00:00+02:00,,EUR,EUR,Fee,Admin Fees,,,,-60.56,EUR,0.0,1.0,Bank
2025-09-30 00:00:00+02:00,,EUR,EUR,Fee,Currency SPOT,,,,-8.67,EUR,0.0,1.0,Bank
2025-10-03 18:12:00+02:00,GC FEB26 3650 P,USD,GC FEB26 3650 P/USD,Trade,,Buy,36.5,100.0,-3650.0,USD,-4.64,1.17432,Interactive Broker
2025-10-06 07:00:00+02:00,,USD,USD,Tax,,,,,-26.45,USD,0.0,1.1718,Interactive Broker
2025-10-06 07:00:00+02:00,,USD,USD,Dividend,,,,,88.17,USD,0.0,1.1718,Interactive Broker
2025-10-06 07:00:00+02:00,,USD,USD,Tax,,,,,-101.54,USD,0.0,1.1718,Interactive Broker
2025-10-06 07:00:00+02:00,,USD,USD,Dividend,,,,,338.45,USD,0.0,1.1718,Interactive Broker
2025-10-07 00:00:00+02:00,,EUR,EUR,Fee,Admin Fees,,,,-60.87,EUR,0.0,1.0,Bank
2025-10-07 00:00:00+02:00,,EUR,EUR,Fee,Management Fee,,,,-379.31,EUR,0.0,1.0,Bank
2025-10-07 00:00:00+02:00,,EUR,EUR,Fee,Set-Up Cost,,,,-74.37,EUR,0.0,1.0,Bank
2025-10-07 00:00:00+02:00,,EUR,EUR,Fee,All In Fee,,,,-56.89,EUR,0.0,1.0,Bank
2025-10-07 09:32:00+02:00,EUR,USD,EUR/USD,Forex,,Sell,1.16805,-100000.0,116805.0,EUR,-3.99,1.16805,Interactive Broker
2025-10-07 09:40:00+02:00,EUR,USD,EUR/USD,Forex,,Sell,1.16763,-100000.0,116763.0,EUR,-3.99,1.16763,Interactive Broker
2025-10-08 00:00:00+02:00,,EUR,EUR,Deposit,,,,,94885.69,EUR,0.0,1.0,Bank
2025-10-09 21:39:00+02:00,EUR,USD,EUR/USD,Forex,,Buy,1.15549,100000.0,-115549.0,EUR,-3.97,1.15549,Interactive Broker
2025-10-09 22:17:00+02:00,EUR,USD,EUR/USD,Forex,,Buy,1.15504,100000.0,-115504.0,EUR,-3.97,1.15504,Interactive Broker
2025-10-10 18:24:00+02:00,SPXW 16JAN26 6650 P,USD,SPXW 16JAN26 6650 P/USD,Trade,,Sell,194.1,-100.0,19410.0,USD,-3.48,1.16091,Interactive Broker
2025-10-10 20:11:00+02:00,SPXW 31DEC25 6500 P,USD,SPXW 31DEC25 6500 P/USD,Trade,,Sell,159.4,-100.0,15940.0,USD,-3.48,1.1605,Interactive Broker
2025-10-10 21:55:00+02:00,SPXW 30JAN26 6640 P,USD,SPXW 30JAN26 6640 P/USD,Trade,,Buy,234.62,100.0,-23462.0,USD,-3.48,1.16104,Interactive Broker
2025-10-10 21:55:00+02:00,SPXW 30JAN26 6700 C,USD,SPXW 30JAN26 6700 C/USD,Trade,,Buy,225.63,100.0,-22563.0,USD,-3.48,1.16104,Interactive Broker
2025-10-10 22:10:00+02:00,SPXW 30JAN26 6640 P,USD,SPXW 30JAN26 6640 P/USD,Trade,,Sell,233.5,-100.0,23350.0,USD,-3.48,1.16177,Interactive Broker
2025-10-10 22:44:00+02:00,SPXW 30JAN26 6420 P,USD,SPXW 30JAN26 6420 P/USD,Trade,,Buy,176.4,100.0,-17640.0,USD,-3.48,1.16177,Interactive Broker
2025-10-13 00:00:00+02:00,,EUR,EUR,Transfer,,,,,90000.0,EUR,0.0,1.0,Interactive Broker
2025-10-13 00:00:00+02:00,,EUR,EUR,Transfer,,,,,-90000.0,EUR,0.0,1.0,Bank
2025-10-13 11:46:00+02:00,EUR,USD,EUR/USD,Forex,,Sell,1.15858,-120000.0,139029.6,EUR,-4.79,1.15858,Interactive Broker
2025-10-13 12:15:00+02:00,EUR,USD,EUR/USD,Forex,,Sell,1.15949,-50000.0,57974.5,EUR,-3.44,1.15949,Interactive Broker
2025-10-13 12:44:00+02:00,ASUI,USD,ASUI/USD,Trade,,Sell,82.86,-20.0,1657.2,USD,-8.0,1.1589,Interactive Broker
2025-10-13 17:01:00+02:00,SPXW 30JAN26 6700 C,USD,SPXW 30JAN26 6700 C/USD,Trade,,Sell,243.8,-100.0,24380.0,USD,-3.48,1.15677,Interactive Broker
2025-10-14 00:00:00+02:00,,EUR,EUR,Fee,Admin Fees,,,,-60.9,EUR,0.0,1.0,Bank
2025-10-14 00:00:00+02:00,,EUR,EUR,Fee,Performance Fee,,,,-1379.8,EUR,0.0,1.0,Bank
2025-10-14 00:00:00+02:00,,EUR,EUR,Fee,Management Fee,,,,-413.85,EUR,0.0,1.0,Bank
2025-10-14 00:00:00+02:00,,EUR,EUR,Fee,Set-Up Cost,,,,-74.47,EUR,0.0,1.0,Bank
2025-10-14 00:00:00+02:00,,EUR,EUR,Fee,All In Fee,,,,-62.07,EUR,0.0,1.0,Bank
2025-10-14 16:49:00+02:00,JPM 20MAR26 315 P,USD,JPM 20MAR26 315 P/USD,Trade,,Sell,28.58,-200.0,5716.0,USD,-2.79,1.15841,Interactive Broker
2025-10-14 17:27:00+02:00,SPX 20MAR26 6600 P,USD,SPX 20MAR26 6600 P/USD,Trade,,Buy,251.7,100.0,-25170.0,USD,-3.62,1.16007,Interactive Broker
2025-10-15 00:00:00+02:00,,EUR,EUR,Deposit,,,,,28226.06,EUR,0.0,1.0,Bank
2025-10-15 18:16:00+02:00,SPX 20FEB26 6720 P,USD,SPX 20FEB26 6720 P/USD,Trade,,Buy,226.0,100.0,-22600.0,USD,-3.62,1.16387,Interactive Broker
2025-10-16 19:37:00+02:00,SPX 20FEB26 6720 P,USD,SPX 20FEB26 6720 P/USD,Trade,,Sell,272.8,-100.0,27280.0,USD,-3.62,1.16827,Interactive Broker
2025-10-16 19:55:00+02:00,SPX 20MAR26 6600 P,USD,SPX 20MAR26 6600 P/USD,Trade,,Sell,252.2,-100.0,25220.0,USD,-3.62,1.16827,Interactive Broker
2025-10-17 18:10:00+02:00,SPX 20FEB26 6640 P,USD,SPX 20FEB26 6640 P/USD,Trade,,Buy,241.0,100.0,-24100.0,USD,-3.62,1.16723,Interactive Broker
2025-10-20 00:00:00+02:00,,EUR,EUR,Transfer,,,,,-30000.0,EUR,0.0,1.0,Bank
2025-10-20 00:00:00+02:00,,EUR,EUR,Transfer,,,,,30000.0,EUR,0.0,1.0,Interactive Broker
2025-10-21 00:00:00+02:00,,EUR,EUR,Fee,Admin Fees,,,,-60.89,EUR,0.0,1.0,Bank
2025-10-21 00:00:00+02:00,,EUR,EUR,Fee,Management Fee,,,,-429.1,EUR,0.0,1.0,Bank
2025-10-21 00:00:00+02:00,,EUR,EUR,Fee,Set-Up Cost,,,,-75.16,EUR,0.0,1.0,Bank
2025-10-22 16:35:00+02:00,SPX 20FEB26 6300 P,USD,SPX 20FEB26 6300 P/USD,Trade,,Buy,111.4,100.0,-11140.0,USD,-3.62,1.1603,Interactive Broker
2025-10-22 16:55:00+02:00,TSM 16JAN26 220 P,USD,TSM 16JAN26 220 P/USD,Trade,,Buy,2.85,1000.0,-2850.0,USD,-13.92,1.1603,Interactive Broker
2025-10-22 16:57:00+02:00,META 20FEB26 740 P,USD,META 20FEB26 740 P/USD,Trade,,Buy,59.35,100.0,-5935.0,USD,-2.09,1.1603,Interactive Broker
2025-10-22 17:12:00+02:00,JPM 17APR26 300 P,USD,JPM 17APR26 300 P/USD,Trade,,Buy,20.9,200.0,-4180.0,USD,-2.78,1.16113,Interactive Broker
2025-10-22 17:16:00+02:00,TLT,USD,TLT/USD,Trade,,Sell,91.88,-284.0,26093.92,USD,-2.95,1.16113,Interactive Broker
2025-10-22 19:35:00+02:00,SPX 20FEB26 6300 P,USD,SPX 20FEB26 6300 P/USD,Trade,,Sell,117.2,-100.0,11720.0,USD,-3.62,1.16121,Interactive Broker
2025-10-27 17:57:00+01:00,SPX 20MAR26 6890 P,USD,SPX 20MAR26 6890 P/USD,Trade,,Buy,232.6,100.0,-23260.0,USD,-3.62,1.16369,Interactive Broker
2025-10-28 00:00:00+01:00,,EUR,EUR,Fee,Admin Fees,,,,-60.58,EUR,0.0,1.0,Bank
2025-10-28 00:00:00+01:00,,EUR,EUR,Fee,Management Fee,,,,-425.03,EUR,0.0,1.0,Bank
2025-10-28 00:00:00+01:00,,EUR,EUR,Fee,Set-Up Cost,,,,-74.79,EUR,0.0,1.0,Bank
2025-10-28 00:00:00+01:00,,EUR,EUR,Fee,All In Fee,,,,-64.36,EUR,0.0,1.0,Bank
2025-10-28 17:39:00+01:00,SPX 17APR26 6890 P,USD,SPX 17APR26 6890 P/USD,Trade,,Buy,254.7,100.0,-25470.0,USD,-3.62,1.16633,Interactive Broker
2025-10-30 15:33:00+01:00,META 19DEC25 740 P,USD,META 19DEC25 740 P/USD,Trade,,Sell,87.64,-100.0,8764.0,USD,-2.1,1.157,Interactive Broker
2025-10-30 15:35:00+01:00,META 20FEB26 740 P,USD,META 20FEB26 740 P/USD,Trade,,Sell,100.97,-100.0,10097.0,USD,-2.1,1.157,Interactive Broker
2025-10-31 17:54:00+01:00,EUR,USD,EUR/USD,Forex,,Buy,1.1537,130016.46,-149999.99,EUR,-5.19,1.1537,Interactive Broker
2025-10-31 17:55:00+01:00,EUR,USD,EUR/USD,Forex,,Buy,1.15394,86659.61,-99999.99,EUR,-3.46,1.15394,Interactive Broker
2025-10-31 19:49:00+01:00,SPX 20MAR26 6890 P,USD,SPX 20MAR26 6890 P/USD,Trade,,Sell,262.8,-100.0,26280.0,USD,-3.62,1.15246,Interactive Broker
2025-11-04 00:00:00+01:00,,EUR,EUR,Fee,Admin Fees,,,,-60.22,EUR,0.0,1.0,Bank
2025-11-04 00:00:00+01:00,,EUR,EUR,Fee,Management Fee,,,,-420.82,EUR,0.0,1.0,Bank
2025-11-04 00:00:00+01:00,,EUR,EUR,Fee,Set-Up Cost,,,,-74.36,EUR,0.0,1.0,Bank
2025-11-04 00:00:00+01:00,,EUR,EUR,Fee,All In Fee,,,,-63.12,EUR,0.0,1.0,Bank
2025-11-04 19:14:00+01:00,SPX 17APR26 6890 P,USD,SPX 17APR26 6890 P/USD,Trade,,Sell,307.5,-100.0,30750.0,USD,-3.62,1.14838,Interactive Broker
2025-11-05 00:00:00+01:00,,EUR,EUR,Deposit,,,,,101573.63,EUR,0.0,1.0,Bank
2025-11-05 11:08:00+01:00,3DES,EUR,3DES/EUR,Trade,,Sell,0.18759997,-26883.0,5043.25,EUR,-6.0,1.0,Interactive Broker
2025-11-05 18:36:00+01:00,BIL,USD,BIL/USD,Trade,,Sell,91.49,-1090.0,99724.1,USD,-11.31,1.14822,Interactive Broker
2025-11-05 18:38:00+01:00,EUR,USD,EUR/USD,Forex,,Buy,1.14801,130000.0,-149241.3,EUR,-5.2,1.14801,Interactive Broker
2025-11-05 18:56:00+01:00,SPX 17APR26 6830 P,USD,SPX 17APR26 6830 P/USD,Trade,,Buy,257.2,100.0,-25720.0,USD,-3.62,1.14822,Interactive Broker
2025-11-06 00:00:00+01:00,,EUR,EUR,Transfer,,,,,-100000.0,EUR,0.0,1.0,Bank
2025-11-06 00:00:00+01:00,,EUR,EUR,Transfer,,,,,100000.0,EUR,0.0,1.0,Interactive Broker
2025-11-06 06:00:00+01:00,,USD,USD,Dividend,,,,,330.6,USD,0.0,1.15191638,Interactive Broker
2025-11-06 06:00:00+01:00,,USD,USD,Tax,,,,,-99.18,USD,0.0,1.15191638,Interactive Broker
2025-11-06 16:06:00+01:00,SPX 17APR26 6830 P,USD,SPX 17APR26 6830 P/USD,Trade,,Sell,288.2,-100.0,28820.0,USD,-3.62,1.15299,Interactive Broker
2025-11-06 16:46:00+01:00,SPX 20FEB26 6640 P,USD,SPX 20FEB26 6640 P/USD,Trade,,Sell,182.7,-100.0,18270.0,USD,-3.62,1.15299,Interactive Broker
2025-11-06 17:39:00+01:00,SPXW 30JAN26 6420 P,USD,SPXW 30JAN26 6420 P/USD,Trade,,Sell,113.2,-100.0,11320.0,USD,-3.48,1.15388,Interactive Broker
2025-11-06 21:54:00+01:00,SPX 17APR26 6750 C,USD,SPX 17APR26 6750 C/USD,Trade,,Buy,348.63,100.0,-34863.0,USD,-3.62,1.15461,Interactive Broker
2025-11-06 21:54:00+01:00,SPX 17APR26 6750 P,USD,SPX 17APR26 6750 P/USD,Trade,,Buy,270.82,100.0,-27082.0,USD,-3.62,1.15461,Interactive Broker
2025-11-06 21:57:00+01:00,MARA,USD,MARA/USD,Trade,,Buy,15.995,1250.0,-19993.75,USD,-12.56,1.15461,Interactive Broker
2025-11-07 16:10:00+01:00,SPX 17APR26 6750 P,USD,SPX 17APR26 6750 P/USD,Trade,,Sell,293.2,-100.0,29320.0,USD,-3.62,1.15724,Interactive Broker
2025-11-07 18:21:00+01:00,META,USD,META/USD,Trade,,Buy,608.85,32.0,-19483.2,USD,-2.0,1.15791,Interactive Broker
2025-11-10 15:42:00+01:00,SPX 17APR26 6750 C,USD,SPX 17APR26 6750 C/USD,Trade,,Sell,388.6,-100.0,38860.0,USD,-3.62,1.15663,Interactive Broker
2025-11-10 15:45:00+01:00,META,USD,META/USD,Trade,,Sell,630.1434375,-32.0,20164.59,USD,-2.01,1.15663,Interactive Broker
2025-11-10 15:55:00+01:00,MARA,USD,MARA/USD,Trade,,Sell,16.145,-1250.0,20181.25,USD,-12.97,1.15663,Interactive Broker
2025-11-10 17:41:00+01:00,EUR,USD,EUR/USD,Forex,,Sell,1.15516,-200000.0,231032.0,EUR,-7.99,1.15516,Interactive Broker
2025-11-10 17:42:00+01:00,EUR,USD,EUR/USD,Forex,,Sell,1.15513,-200000.0,231026.0,EUR,-7.99,1.15513,Interactive Broker
2025-11-10 17:43:00+01:00,EUR,USD,EUR/USD,Forex,,Sell,1.15511,-100000.0,115511.0,EUR,-3.99,1.15511,Interactive Broker
2025-11-11 00:00:00+01:00,,EUR,EUR,Fee,Admin Fees,,,,-60.22,EUR,0.0,1.0,Bank
2025-11-11 00:00:00+01:00,,EUR,EUR,Fee,Performance Fee,,,,-2626.35,EUR,0.0,1.0,Bank
2025-11-11 00:00:00+01:00,,EUR,EUR,Fee,Management Fee,,,,-466.61,EUR,0.0,1.0,Bank
2025-11-11 00:00:00+01:00,,EUR,EUR,Fee,Set-Up Cost,,,,-74.46,EUR,0.0,1.0,Bank
2025-11-11 00:00:00+01:00,,EUR,EUR,Fee,All In Fee,,,,-69.99,EUR,0.0,1.0,Bank
2025-11-11 15:50:00+01:00,SPXW 30APR26 6825 P,USD,SPXW 30APR26 6825 P/USD,Trade,,Buy,264.5,200.0,-52900.0,USD,-5.55,1.16011,Interactive Broker
2025-11-11 15:53:00+01:00,SI MAR26 48 P,USD,SI MAR26 48 P/USD,Trade,,Buy,1.828,5000.0,-9140.0,USD,-4.64,1.16011,Interactive Broker
2025-11-12 11:30:00+01:00,FTMIB 20MAR26 45000 P,EUR,FTMIB 20MAR26 45000 P/EUR,Trade,,Buy,1850.0,2.5,-4625.0,EUR,-3.46,1.0,Interactive Broker
2025-11-12 11:31:00+01:00,DAX 20MAR26 24400 P,EUR,DAX 20MAR26 24400 P/EUR,Trade,,Buy,815.0,5.0,-4075.0,EUR,-2.4,1.0,Interactive Broker
2025-11-13 02:20:00+01:00,,EUR,EUR,Fee,,,,,-0.01,EUR,0.0,1.0,Interactive Broker
2025-11-13 19:30:00+01:00,SPXW 30APR26 6825 P,USD,SPXW 30APR26 6825 P/USD,Trade,,Sell,301.9,-200.0,60380.0,USD,-5.55,1.16448,Interactive Broker
2025-11-13 19:50:00+01:00,SPX 19DEC25 6150 P,USD,SPX 19DEC25 6150 P/USD,Trade,,Sell,27.2,-100.0,2720.0,USD,-3.62,1.16448,Interactive Broker
2025-11-13 20:09:00+01:00,SI MAR26 48 P,USD,SI MAR26 48 P/USD,Trade,,Sell,1.493,-5000.0,7465.0,USD,-4.64,1.16448,Interactive Broker
2025-11-14 12:29:00+01:00,FTMIB 20MAR26 45000 P,EUR,FTMIB 20MAR26 45000 P/EUR,Trade,,Sell,2360.0,-2.5,5900.0,EUR,-3.46,1.0,Interactive Broker
2025-11-14 16:16:00+01:00,DAX 20MAR26 24400 P,EUR,DAX 20MAR26 24400 P/EUR,Trade,,Sell,1064.0,-5.0,5320.0,EUR,-2.4,1.0,Interactive Broker
2025-11-14 16:59:00+01:00,SPX 17APR26 6740 P,USD,SPX 17APR26 6740 P/USD,Trade,,Buy,262.1,100.0,-26210.0,USD,-3.62,1.16132,Interactive Broker
2025-11-15 02:20:00+01:00,,EUR,EUR,Fee,,,,,-0.02,EUR,0.0,1.0,Interactive Broker
2025-11-15 02:25:00+01:00,CANG,USD,CANG/USD,Trade,,Sell,0.0,-494.0,0.0,USD,0.0,,Interactive Broker
2025-11-15 02:25:00+01:00,CANG,USD,CANG/USD,Trade,,Buy,0.0,988.0,0.0,USD,0.0,,Interactive Broker
2025-11-17 16:00:00+01:00,SPX 17APR26 6740 P,USD,SPX 17APR26 6740 P/USD,Trade,,Sell,255.8,-100.0,25580.0,USD,-3.62,1.15857,Interactive Broker
2025-11-18 00:00:00+01:00,,EUR,EUR,Fee,Admin Fees,,,,-59.97,EUR,0.0,1.0,Bank
2025-11-18 00:00:00+01:00,,EUR,EUR,Fee,Performance Fee,,,,-1217.94,EUR,0.0,1.0,Bank
2025-11-18 00:00:00+01:00,,EUR,EUR,Fee,Management Fee,,,,-472.53,EUR,0.0,1.0,Bank
2025-11-18 00:00:00+01:00,,EUR,EUR,Fee,Set-Up Cost,,,,-75.18,EUR,0.0,1.0,Bank
2025-11-18 00:00:00+01:00,,EUR,EUR,Fee,All In Fee,,,,-70.87,EUR,0.0,1.0,Bank
2025-11-18 14:03:00+01:00,SI MAR26 51.75 C,USD,SI MAR26 51.75 C/USD,Trade,,Buy,2.898,10000.0,-28980.0,USD,-9.28,1.15944,Interactive Broker
2025-11-18 15:35:00+01:00,SI MAR26 51.75 C,USD,SI MAR26 51.75 C/USD,Trade,,Sell,3.229,-10000.0,32290.0,USD,-9.28,1.15985,Interactive Broker
2025-11-18 15:42:00+01:00,SPX 17APR26 6675 P,USD,SPX 17APR26 6675 P/USD,Trade,,Buy,287.88,100.0,-28788.0,USD,-3.62,1.15985,Interactive Broker
2025-11-18 15:42:00+01:00,SPXW 27FEB26 6780 C,USD,SPXW 27FEB26 6780 C/USD,Trade,,Buy,209.67,100.0,-20967.0,USD,-3.48,1.15985,Interactive Broker
2025-11-18 15:46:00+01:00,SPX 17APR26 6640 P,USD,SPX 17APR26 6640 P/USD,Trade,,Buy,270.8,100.0,-27080.0,USD,-3.62,1.15985,Interactive Broker
2025-11-18 15:46:00+01:00,SPX 20FEB26 6700 C,USD,SPX 20FEB26 6700 C/USD,Trade,,Buy,247.65,100.0,-24765.0,USD,-3.62,1.15985,Interactive Broker
2025-11-18 17:26:00+01:00,SPX 17APR26 6640 P,USD,SPX 17APR26 6640 P/USD,Trade,,Sell,278.9,-100.0,27890.0,USD,-3.62,1.1577,Interactive Broker
2025-11-18 17:43:00+01:00,EUR,USD,EUR/USD,Forex,,Buy,1.1577,150000.0,-173655.0,EUR,-5.99,1.1577,Interactive Broker
2025-11-18 17:45:00+01:00,EUR,USD,EUR/USD,Forex,,Buy,1.1577,150000.0,-173655.0,EUR,-5.99,1.1577,Interactive Broker
2025-11-19 00:00:00+01:00,,EUR,EUR,Deposit,,,,,33855.5,EUR,0.0,1.0,Bank
2025-11-19 11:52:00+01:00,XEON,EUR,XEON/EUR,Trade,,Buy,147.72,361.0,-53326.92,EUR,-53.33,1.0,Interactive Broker
2025-11-19 12:11:00+01:00,EUR,USD,EUR/USD,Forex,,Buy,1.15754,100000.0,-115754.0,EUR,-4.0,1.15754,Interactive Broker
2025-11-19 12:25:00+01:00,XEON,EUR,XEON/EUR,Trade,,Buy,147.72599798,992.0,-146544.19,EUR,-146.54,1.0,Interactive Broker
2025-11-19 16:08:00+01:00,SPX 20FEB26 6700 C,USD,SPX 20FEB26 6700 C/USD,Trade,,Sell,257.9,-100.0,25790.0,USD,-3.62,1.15511,Interactive Broker
2025-11-19 17:05:00+01:00,SPXW 27FEB26 6780 C,USD,SPXW 27FEB26 6780 C/USD,Trade,,Sell,210.1,-100.0,21010.0,USD,-3.48,1.15431,Interactive Broker
2025-11-19 18:12:00+01:00,RUTW 30APR26 2360 P,USD,RUTW 30APR26 2360 P/USD,Trade,,Buy,137.8,100.0,-13780.0,USD,-2.46,1.15363,Interactive Broker
2025-11-20 16:19:00+01:00,SPX 17APR26 6675 P,USD,SPX 17APR26 6675 P/USD,Trade,,Buy,226.0,100.0,-22600.0,USD,-3.62,1.15311,Interactive Broker
2025-11-20 17:22:00+01:00,SPX 17APR26 6675 P,USD,SPX 17APR26 6675 P/USD,Trade,,Sell,254.1,-100.0,25410.0,USD,-3.62,1.15308,Interactive Broker
2025-11-20 17:42:00+01:00,SPX 17APR26 6675 P,USD,SPX 17APR26 6675 P/USD,Trade,,Sell,272.2,-100.0,27220.0,USD,-3.62,1.15308,Interactive Broker
2025-11-21 00:00:00+01:00,,EUR,EUR,Transfer,,,,,-30000.0,EUR,0.0,1.0,Bank
2025-11-21 00:00:00+01:00,,EUR,EUR,Transfer,,,,,30000.0,EUR,0.0,1.0,Interactive Broker
2025-11-21 15:43:00+01:00,SPX 20MAR26 6575 P,USD,SPX 20MAR26 6575 P/USD,Trade,,Buy,260.5,100.0,-26050.0,USD,-3.62,1.15177,Interactive Broker
2025-11-21 17:26:00+01:00,EUR,USD,EUR/USD,Forex,,Buy,1.15016,120000.0,-138019.2,EUR,-4.79,1.15016,Interactive Broker
2025-11-21 20:34:00+01:00,SPX 20MAR26 6575 P,USD,SPX 20MAR26 6575 P/USD,Trade,,Buy,221.6,100.0,-22160.0,USD,-3.62,1.15088,Interactive Broker
2025-11-24 17:13:00+01:00,SPX 20MAR26 6575 P,USD,SPX 20MAR26 6575 P/USD,Trade,,Buy,191.1,100.0,-19110.0,USD,-3.62,1.15235,Interactive Broker
2025-11-24 23:15:00+01:00,GC DEC25 3630 P,USD,GC DEC25 3630 P/USD,Trade,,Sell,0.0,-100.0,0.0,USD,0.0,1.15235,Interactive Broker
2025-11-25 00:00:00+01:00,,EUR,EUR,Fee,Admin Fees,,,,-74.28,EUR,0.0,1.0,Bank
2025-11-25 00:00:00+01:00,,EUR,EUR,Fee,Set-Up Cost,,,,-60.15,EUR,0.0,1.0,Bank
2025-11-25 00:00:00+01:00,,EUR,EUR,Fee,All In Fee,,,,-72.99,EUR,0.0,1.0,Bank
2025-11-25 00:00:00+01:00,,EUR,EUR,Fee,Management Fee,,,,-486.64,EUR,0.0,1.0,Bank
2025-11-26 00:00:00+01:00,,EUR,EUR,Deposit,,,,,13699.72,EUR,0.0,1.0,Bank
2025-11-26 00:00:00+01:00,,EUR,EUR,Deposit,,,,,23339.41,EUR,0.0,1.0,Bank
2025-11-26 16:00:00+01:00,EUR,USD,EUR/USD,Forex,,Sell,1.15784,-200000.0,231568.0,EUR,-8.01,1.15784,Interactive Broker
2025-11-26 17:47:00+01:00,SPX 20MAR26 6575 P,USD,SPX 20MAR26 6575 P/USD,Trade,,Buy,142.0,100.0,-14200.0,USD,-3.62,1.159,Interactive Broker
2025-12-01 15:59:00+01:00,SPXW 20MAR26 7000 C,USD,SPXW 20MAR26 7000 C/USD,Trade,,Sell,174.21,-100.0,17421.0,USD,-3.41,1.1634,Interactive Broker
2025-12-01 15:59:00+01:00,SPXW 20MAR26 7200 C,USD,SPXW 20MAR26 7200 C/USD,Trade,,Buy,90.16,100.0,-9016.0,USD,-3.41,1.1634,Interactive Broker
2025-12-01 16:01:00+01:00,SPY,USD,SPY/USD,Trade,,Buy,681.565,220.0,-149944.3,USD,-2.2,1.1634,Interactive Broker
2025-12-01 16:16:00+01:00,SPXW 20MAR26 7000 C,USD,SPXW 20MAR26 7000 C/USD,Trade,,Sell,170.63,-100.0,17063.0,USD,-3.41,1.1634,Interactive Broker
2025-12-01 16:16:00+01:00,SPXW 20MAR26 7200 C,USD,SPXW 20MAR26 7200 C/USD,Trade,,Buy,87.73,100.0,-8773.0,USD,-3.41,1.1634,Interactive Broker
2025-12-02 00:00:00+01:00,,EUR,EUR,Fee,Admin Fees,,,,-74.71,EUR,0.0,1.0,Bank
2025-12-02 00:00:00+01:00,,EUR,EUR,Fee,Set-Up Cost,,,,-60.19,EUR,0.0,1.0,Bank
2025-12-02 00:00:00+01:00,,EUR,EUR,Fee,All In Fee,,,,-74.13,EUR,0.0,1.0,Bank
2025-12-02 00:00:00+01:00,,EUR,EUR,Fee,Management Fee,,,,-498.09,EUR,0.0,1.0,Bank
2025-12-09 00:00:00+01:00,,EUR,EUR,Fee,Management Fee,,,,-490.76,EUR,0.0,1.0,Bank
2025-12-09 00:00:00+01:00,,EUR,EUR,Fee,All In Fee,,,,-73.61,EUR,0.0,1.0,Bank
2025-12-09 00:00:00+01:00,,EUR,EUR,Fee,Set-Up Cost,,,,-60.54,EUR,0.0,1.0,Bank
2025-12-09 00:00:00+01:00,,EUR,EUR,Fee,Admin Fees,,,,-73.76,EUR,0.0,1.0,Bank
2025-12-16 00:00:00+01:00,,EUR,EUR,Fee,Management Fee,,,,-487.5,EUR,0.0,1.0,Bank
2025-12-16 00:00:00+01:00,,EUR,EUR,Fee,All In Fee,,,,-73.12,EUR,0.0,1.0,Bank
2025-12-16 00:00:00+01:00,,EUR,EUR,Fee,Set-Up Cost,,,,-60.25,EUR,0.0,1.0,Bank
2025-12-16 00:00:00+01:00,,EUR,EUR,Fee,Admin Fees,,,,-73.95,EUR,0.0,1.0,Bank
2025-12-16 16:32:00+01:00,SPX 20MAR26 6575 P,USD,SPX 20MAR26 6575 P/USD,Trade,,Sell,123.2,-100.0,12320.0,USD,-3.55,1.17848,Interactive Broker
2025-12-17 00:00:00+01:00,,EUR,EUR,Deposit,,,0.0,,,EUR,0.0,1.0,Bank
2025-12-17 16:54:00+01:00,SPX 20MAR26 6575 P,USD,SPX 20MAR26 6575 P/USD,Trade,,Sell,133.5,-100.0,13350.0,USD,-3.55,1.17442,Interactive Broker
2025-12-17 19:57:00+01:00,SPX 20MAR26 6575 P,USD,SPX 20MAR26 6575 P/USD,Trade,,Sell,140.7,-100.0,14070.0,USD,-3.55,1.17529,Interactive Broker
2025-12-23 00:00:00+01:00,,EUR,EUR,Fee,All In Fee,,,,-75.61,EUR,0.0,1.0,Bank
2025-12-23 00:00:00+01:00,,EUR,EUR,Fee,Admin Fees,,,,-74.4,EUR,0.0,1.0,Bank
2025-12-23 00:00:00+01:00,,EUR,EUR,Fee,Management Fee,,,,-504.11,EUR,0.0,1.0,Bank
2025-12-23 00:00:00+01:00,,EUR,EUR,Fee,Set-Up Cost,,,,-60.59,EUR,0.0,1.0,Bank
2025-12-30 00:00:00+01:00,,EUR,EUR,Fee,All In Fee,,,,-75.59,EUR,0.0,1.0,Bank
2025-12-30 00:00:00+01:00,,EUR,EUR,Fee,Admin Fees,,,,-74.55,EUR,0.0,1.0,Bank
2025-12-30 00:00:00+01:00,,EUR,EUR,Fee,Management Fee,,,,-503.97,EUR,0.0,1.0,Bank
2025-12-30 00:00:00+01:00,,EUR,EUR,Fee,Set-Up Cost,,,,-60.68,EUR,0.0,1.0,Bank
2026-01-05 12:29:00+01:00,XEON,EUR,XEON/EUR,Trade,,Buy,148.10400198,1012.0,-149881.25,EUR,-149.88,1.0,Interactive Broker
2026-01-07 00:00:00+01:00,,EUR,EUR,Fee,Set-Up Cost,,,,-61.08,EUR,0.0,1.0,Bank
2026-01-07 00:00:00+01:00,,EUR,EUR,Fee,Management Fee,,,,-503.3,EUR,0.0,1.0,Bank
2026-01-07 00:00:00+01:00,,EUR,EUR,Fee,Admin Fees,,,,-74.48,EUR,0.0,1.0,Bank
2026-01-07 00:00:00+01:00,,EUR,EUR,Fee,All In Fee,,,,-75.49,EUR,0.0,1.0,Bank
2026-01-07 16:45:00+01:00,SPXW 20MAR26 7120 C,USD,SPXW 20MAR26 7120 C/USD,Trade,,Sell,96.57,-300.0,28971.0,USD,-7.75,1.16926,Interactive Broker
2026-01-07 16:45:00+01:00,SPXW 20MAR26 7150 C,USD,SPXW 20MAR26 7150 C/USD,Trade,,Buy,84.37,300.0,-25311.0,USD,-7.75,1.16926,Interactive Broker
2026-01-09 16:25:00+01:00,SPY,USD,SPY/USD,Trade,,Buy,692.64722222,144.0,-99741.2,USD,-2.0,1.1643,Interactive Broker
2026-01-09 16:26:00+01:00,SPXW 20MAR26 7120 C,USD,SPXW 20MAR26 7120 C/USD,Trade,,Buy,92.17,300.0,-27651.0,USD,-8.35,1.1643,Interactive Broker
2026-01-09 16:26:00+01:00,SPXW 20MAR26 7150 C,USD,SPXW 20MAR26 7150 C/USD,Trade,,Sell,79.67,-300.0,23901.0,USD,-8.35,1.1643,Interactive Broker
2026-01-09 16:35:00+01:00,SPY,USD,SPY/USD,Trade,,Buy,693.195,72.0,-49910.04,USD,-2.0,1.1643,Interactive Broker
2026-01-09 16:36:00+01:00,XEON,EUR,XEON/EUR,Trade,,Buy,148.14229412,340.0,-50368.38,EUR,-50.37,1.0,Interactive Broker
2026-01-09 16:50:00+01:00,SPX 18JUN26 6910 C,USD,SPX 18JUN26 6910 C/USD,Trade,,Buy,351.13,100.0,-35113.0,USD,-3.62,1.1643,Interactive Broker
2026-01-09 16:50:00+01:00,SPX 18JUN26 7100 P,USD,SPX 18JUN26 7100 P/USD,Trade,,Buy,298.87,100.0,-29887.0,USD,-3.62,1.1643,Interactive Broker
